Manufacturer,Brand,Model
AuthenticAMD,AMD,3015e
AuthenticAMD,AMD,3020e
AuthenticAMD,Athlon™,3000G
AuthenticAMD,Athlon™,300GE
AuthenticAMD,Athlon™,300U
AuthenticAMD,Athlon™,320GE
AuthenticAMD,Athlon™,Gold 3150C
AuthenticAMD,Athlon™,Gold 3150G
AuthenticAMD,Athlon™,Gold 3150GE
AuthenticAMD,Athlon™,Gold 3150U
AuthenticAMD,Athlon™,Silver 3050C
AuthenticAMD,Athlon™,Silver 3050e
AuthenticAMD,Athlon™,Silver 3050GE
AuthenticAMD,Athlon™,Silver 3050U
AuthenticAMD,EPYC™,7232P
AuthenticAMD,EPYC™,7252
AuthenticAMD,EPYC™,7262
AuthenticAMD,EPYC™,7272
AuthenticAMD,EPYC™,7282
AuthenticAMD,EPYC™,72F3
AuthenticAMD,EPYC™,7302
AuthenticAMD,EPYC™,7302P
AuthenticAMD,EPYC™,7313
AuthenticAMD,EPYC™,7313P
AuthenticAMD,EPYC™,7343
AuthenticAMD,EPYC™,7352
AuthenticAMD,EPYC™,73F3
AuthenticAMD,EPYC™,7402
AuthenticAMD,EPYC™,7402P
AuthenticAMD,EPYC™,7413
AuthenticAMD,EPYC™,7443
AuthenticAMD,EPYC™,7443P
AuthenticAMD,EPYC™,7452
AuthenticAMD,EPYC™,7453
AuthenticAMD,EPYC™,74F3
AuthenticAMD,EPYC™,7502
AuthenticAMD,EPYC™,7502P
AuthenticAMD,EPYC™,7513
AuthenticAMD,EPYC™,7532
AuthenticAMD,EPYC™,7542
AuthenticAMD,EPYC™,7543
AuthenticAMD,EPYC™,7543P
AuthenticAMD,EPYC™,7552
AuthenticAMD,EPYC™,75F3
AuthenticAMD,EPYC™,7642
AuthenticAMD,EPYC™,7643
AuthenticAMD,EPYC™,7662
AuthenticAMD,EPYC™,7663
AuthenticAMD,EPYC™,7702
AuthenticAMD,EPYC™,7702P
AuthenticAMD,EPYC™,7713
AuthenticAMD,EPYC™,7713P
AuthenticAMD,EPYC™,7742
AuthenticAMD,EPYC™,7763
AuthenticAMD,EPYC™,7F32
AuthenticAMD,EPYC™,7F52
AuthenticAMD,EPYC™,7F72
AuthenticAMD,EPYC™,7H12
AuthenticAMD,Ryzen™ 3,2300X
AuthenticAMD,Ryzen™ 3,3100
AuthenticAMD,Ryzen™ 3,3200G with Radeon™ Vega 8 Graphics
AuthenticAMD,Ryzen™ 3,3200GE
AuthenticAMD,Ryzen™ 3,3200U
AuthenticAMD,Ryzen™ 3,3250C
AuthenticAMD,Ryzen™ 3,3250U
AuthenticAMD,Ryzen™ 3,3300U
AuthenticAMD,Ryzen™ 3,3350U
AuthenticAMD,Ryzen™ 3,4300G
AuthenticAMD,Ryzen™ 3,4300GE
AuthenticAMD,Ryzen™ 3,4300U
AuthenticAMD,Ryzen™ 3,5300U
AuthenticAMD,Ryzen™ 3,5400U
AuthenticAMD,Ryzen™ 3 PRO,3200G
AuthenticAMD,Ryzen™ 3 PRO,3200GE
AuthenticAMD,Ryzen™ 3 PRO,3300U
AuthenticAMD,Ryzen™ 3 PRO,4350G
AuthenticAMD,Ryzen™ 3 PRO,4350GE
AuthenticAMD,Ryzen™ 3 PRO,4450U
AuthenticAMD,Ryzen™ 3 PRO,5350G
AuthenticAMD,Ryzen™ 3 PRO,5350GE
AuthenticAMD,Ryzen™ 3 PRO,5450U
AuthenticAMD,Ryzen™ 5,2500X
AuthenticAMD,Ryzen™ 5,2600
AuthenticAMD,Ryzen™ 5,2600E
AuthenticAMD,Ryzen™ 5,2600X
AuthenticAMD,Ryzen™ 5,3400G with Radeon™ RX Vega 11 Graphics
AuthenticAMD,Ryzen™ 5,3400GE
AuthenticAMD,Ryzen™ 5,3450U
AuthenticAMD,Ryzen™ 5,3500 Processor
AuthenticAMD,Ryzen™ 5,3500C
AuthenticAMD,Ryzen™ 5,3500U
AuthenticAMD,Ryzen™ 5,3550H
AuthenticAMD,Ryzen™ 5,3580U Microsoft Surface® Edition
AuthenticAMD,Ryzen™ 5,3600
AuthenticAMD,Ryzen™ 5,3600X
AuthenticAMD,Ryzen™ 5,3600XT
AuthenticAMD,Ryzen™ 5,4500U
AuthenticAMD,Ryzen™ 5,4600G
AuthenticAMD,Ryzen™ 5,4600GE
AuthenticAMD,Ryzen™ 5,4600H
AuthenticAMD,Ryzen™ 5,4600U
AuthenticAMD,Ryzen™ 5,5300G
AuthenticAMD,Ryzen™ 5,5300GE
AuthenticAMD,Ryzen™ 5,5500U
AuthenticAMD,Ryzen™ 5,5600G
AuthenticAMD,Ryzen™ 5,5600GE
AuthenticAMD,Ryzen™ 5,5600H
AuthenticAMD,Ryzen™ 5,5600HS
AuthenticAMD,Ryzen™ 5,5600U
AuthenticAMD,Ryzen™ 5,5600X
AuthenticAMD,Ryzen™ 5 PRO,2600
AuthenticAMD,Ryzen™ 5 PRO,3400G
AuthenticAMD,Ryzen™ 5 PRO,3400GE
AuthenticAMD,Ryzen™ 5 PRO,3500U
AuthenticAMD,Ryzen™ 5 PRO,3600
AuthenticAMD,Ryzen™ 5 PRO,4650G
AuthenticAMD,Ryzen™ 5 PRO,4650GE
AuthenticAMD,Ryzen™ 5 PRO,4650U
AuthenticAMD,Ryzen™ 5 PRO,5650G
AuthenticAMD,Ryzen™ 5 PRO,5650GE
AuthenticAMD,Ryzen™ 5 PRO,5650U
AuthenticAMD,Ryzen™ 5 PRO,5750G
AuthenticAMD,Ryzen™ 5 PRO,5750GE
AuthenticAMD,Ryzen™ 7,2700
AuthenticAMD,Ryzen™ 7,2700E Processor
AuthenticAMD,Ryzen™ 7,2700X
AuthenticAMD,Ryzen™ 7,3700C
AuthenticAMD,Ryzen™ 7,3700U
AuthenticAMD,Ryzen™ 7,3700X
AuthenticAMD,Ryzen™ 7,3750H
AuthenticAMD,Ryzen™ 7,3780U Microsoft Surface® Edition
AuthenticAMD,Ryzen™ 7,3800X
AuthenticAMD,Ryzen™ 7,3800XT
AuthenticAMD,Ryzen™ 7,4700G
AuthenticAMD,Ryzen™ 7,4700GE
AuthenticAMD,Ryzen™ 7,4700U
AuthenticAMD,Ryzen™ 7,4800H
AuthenticAMD,Ryzen™ 7,4800HS
AuthenticAMD,Ryzen™ 7,4800U
AuthenticAMD,Ryzen™ 7,5700G
AuthenticAMD,Ryzen™ 7,5700GE
AuthenticAMD,Ryzen™ 7,5700U
AuthenticAMD,Ryzen™ 7,5800
AuthenticAMD,Ryzen™ 7,5800H
AuthenticAMD,Ryzen™ 7,5800HS
AuthenticAMD,Ryzen™ 7,5800U
AuthenticAMD,Ryzen™ 7,5800X
AuthenticAMD,Ryzen™ 7 PRO,2700
AuthenticAMD,Ryzen™ 7 PRO,2700X
AuthenticAMD,Ryzen™ 7 PRO,3700U
AuthenticAMD,Ryzen™ 7 PRO,4750G
AuthenticAMD,Ryzen™ 7 PRO,4750GE
AuthenticAMD,Ryzen™ 7 PRO,4750U
AuthenticAMD,Ryzen™ 7 PRO,5850U
AuthenticAMD,Ryzen™ 9,3900 Processor
AuthenticAMD,Ryzen™ 9,3900X
AuthenticAMD,Ryzen™ 9,3900XT
AuthenticAMD,Ryzen™ 9,3950X
AuthenticAMD,Ryzen™ 9,4900H
AuthenticAMD,Ryzen™ 9,4900HS
AuthenticAMD,Ryzen™ 9,5900
AuthenticAMD,Ryzen™ 9,5900HS
AuthenticAMD,Ryzen™ 9,5900HX
AuthenticAMD,Ryzen™ 9,5900X
AuthenticAMD,Ryzen™ 9,5950X
AuthenticAMD,Ryzen™ 9,5980HS
AuthenticAMD,Ryzen™ 9,5980HX
AuthenticAMD,Ryzen™ 9 PRO,3900
AuthenticAMD,Ryzen™ Embedded V2000 Series,V2516
AuthenticAMD,Ryzen™ Embedded V2000 Series,V2546
AuthenticAMD,Ryzen™ Embedded V2000 Series,V2718
AuthenticAMD,Ryzen™ Embedded V2000 Series,V2748
AuthenticAMD,Ryzen™ Threadripper™,2920X
AuthenticAMD,Ryzen™ Threadripper™,2950X
AuthenticAMD,Ryzen™ Threadripper™,2970WX
AuthenticAMD,Ryzen™ Threadripper™,2990WX
AuthenticAMD,Ryzen™ Threadripper™,3960X
AuthenticAMD,Ryzen™ Threadripper™,3970X
AuthenticAMD,Ryzen™ Threadripper™,3990X
AuthenticAMD,Ryzen™ Threadripper™ PRO,3945WX
AuthenticAMD,Ryzen™ Threadripper™ PRO,3955WX
AuthenticAMD,Ryzen™ Threadripper™ PRO,3975WX
AuthenticAMD,Ryzen™ Threadripper™ PRO,3995WX
GenuineIntel,Atom®,x6200FE
GenuineIntel,Atom®,x6211E
GenuineIntel,Atom®,x6212RE
GenuineIntel,Atom®,x6413E
GenuineIntel,Atom®,x6414RE
GenuineIntel,Atom®,x6425E
GenuineIntel,Atom®,x6425RE
GenuineIntel,Atom®,x6427FE
GenuineIntel,Celeron®,3867U
GenuineIntel,Celeron®,4205U
GenuineIntel,Celeron®,4305U
GenuineIntel,Celeron®,4305UE
GenuineIntel,Celeron®,5205U
GenuineIntel,Celeron®,5305U
GenuineIntel,Celeron®,6305
GenuineIntel,Celeron®,6305E
GenuineIntel,Celeron®,G4900
GenuineIntel,Celeron®,G4900T
GenuineIntel,Celeron®,G4920
GenuineIntel,Celeron®,G4930
GenuineIntel,Celeron®,G4930E
GenuineIntel,Celeron®,G4930T
GenuineIntel,Celeron®,G4932E
GenuineIntel,Celeron®,G4950
GenuineIntel,Celeron®,G5900
GenuineIntel,Celeron®,G5900E
GenuineIntel,Celeron®,G5900T
GenuineIntel,Celeron®,G5900TE
GenuineIntel,Celeron®,G5905
GenuineIntel,Celeron®,G5905T
GenuineIntel,Celeron®,G5920
GenuineIntel,Celeron®,G5925
GenuineIntel,Celeron®,J4005[2]
GenuineIntel,Celeron®,J4025
GenuineIntel,Celeron®,J4105[2]
GenuineIntel,Celeron®,J4115[2]
GenuineIntel,Celeron®,J4125
GenuineIntel,Celeron®,J6412
GenuineIntel,Celeron®,J6413
GenuineIntel,Celeron®,N4000[2]
GenuineIntel,Celeron®,N4020
GenuineIntel,Celeron®,N4100[2]
GenuineIntel,Celeron®,N4120
GenuineIntel,Celeron®,N4500
GenuineIntel,Celeron®,N4505
GenuineIntel,Celeron®,N5100
GenuineIntel,Celeron®,N5105
GenuineIntel,Celeron®,N6210
GenuineIntel,Celeron®,N6211
GenuineIntel,Core™,i3-1000G1
GenuineIntel,Core™,i3-1000G4
GenuineIntel,Core™,i3-1005G1
GenuineIntel,Core™,i3-10100
GenuineIntel,Core™,i3-10100E
GenuineIntel,Core™,i3-10100F
GenuineIntel,Core™,i3-10100T
GenuineIntel,Core™,i3-10100TE
GenuineIntel,Core™,i3-10100Y
GenuineIntel,Core™,i3-10105
GenuineIntel,Core™,i3-10105F
GenuineIntel,Core™,i3-10105T
GenuineIntel,Core™,i3-10110U
GenuineIntel,Core™,i3-10110Y
GenuineIntel,Core™,i3-10300
GenuineIntel,Core™,i3-10300T
GenuineIntel,Core™,i3-10305
GenuineIntel,Core™,i3-10305T
GenuineIntel,Core™,i3-10320
GenuineIntel,Core™,i3-10325
GenuineIntel,Core™,i3-1110G4
GenuineIntel,Core™,i3-1115G4
GenuineIntel,Core™,i3-1115G4E
GenuineIntel,Core™,i3-1115GRE
GenuineIntel,Core™,i3-1120G4
GenuineIntel,Core™,i3-1125G4
GenuineIntel,Core™,i3-8100
GenuineIntel,Core™,i3-8100B
GenuineIntel,Core™,i3-8100H
GenuineIntel,Core™,i3-8100T
GenuineIntel,Core™,i3-8109U
GenuineIntel,Core™,i3-8130U
GenuineIntel,Core™,i3-8140U
GenuineIntel,Core™,i3-8145U
GenuineIntel,Core™,i3-8145UE
GenuineIntel,Core™,i3-8300
GenuineIntel,Core™,i3-8300T
GenuineIntel,Core™,i3-8350K
GenuineIntel,Core™,i3-9100
GenuineIntel,Core™,i3-9100E
GenuineIntel,Core™,i3-9100F
GenuineIntel,Core™,i3-9100HL
GenuineIntel,Core™,i3-9100T
GenuineIntel,Core™,i3-9100TE
GenuineIntel,Core™,i3-9300
GenuineIntel,Core™,i3-9300T
GenuineIntel,Core™,i3-9320
GenuineIntel,Core™,i3-9350K
GenuineIntel,Core™,i3-9350KF
GenuineIntel,Core™,i3-L13G4
GenuineIntel,Core™,i5-10200H
GenuineIntel,Core™,i5-10210U
GenuineIntel,Core™,i5-10210Y
GenuineIntel,Core™,i5-10300H
GenuineIntel,Core™,i5-1030G4
GenuineIntel,Core™,i5-1030G7
GenuineIntel,Core™,i5-10310U
GenuineIntel,Core™,i5-10310Y
GenuineIntel,Core™,i5-1035G1
GenuineIntel,Core™,i5-1035G4
GenuineIntel,Core™,i5-1035G7
GenuineIntel,Core™,i5-1038NG7
GenuineIntel,Core™,i5-10400
GenuineIntel,Core™,i5-10400F
GenuineIntel,Core™,i5-10400H
GenuineIntel,Core™,i5-10400T
GenuineIntel,Core™,i5-10500
GenuineIntel,Core™,i5-10500E
GenuineIntel,Core™,i5-10500H
GenuineIntel,Core™,i5-10500T
GenuineIntel,Core™,i5-10500TE
GenuineIntel,Core™,i5-10505
GenuineIntel,Core™,i5-10600
GenuineIntel,Core™,i5-10600K
GenuineIntel,Core™,i5-10600KF
GenuineIntel,Core™,i5-10600T
GenuineIntel,Core™,i5-11260H
GenuineIntel,Core™,i5-11300H
GenuineIntel,Core™,i5-1130G7
GenuineIntel,Core™,i5-11320H
GenuineIntel,Core™,i5-1135G7
GenuineIntel,Core™,i5-11400
GenuineIntel,Core™,i5-11400F
GenuineIntel,Core™,i5-11400H
GenuineIntel,Core™,i5-11400T
GenuineIntel,Core™,i5-1140G7
GenuineIntel,Core™,i5-1145G7
GenuineIntel,Core™,i5-1145G7E
GenuineIntel,Core™,i5-1145GRE
GenuineIntel,Core™,i5-11500
GenuineIntel,Core™,i5-11500H
GenuineIntel,Core™,i5-11500T
GenuineIntel,Core™,i5-1155G7
GenuineIntel,Core™,i5-11600
GenuineIntel,Core™,i5-11600K
GenuineIntel,Core™,i5-11600KF
GenuineIntel,Core™,i5-11600T
GenuineIntel,Core™,i5-12600K
GenuineIntel,Core™,i5-12600KF
GenuineIntel,Core™,i5-8200Y
GenuineIntel,Core™,i5-8210Y
GenuineIntel,Core™,i5-8250U
GenuineIntel,Core™,i5-8257U
GenuineIntel,Core™,i5-8259U
GenuineIntel,Core™,i5-8260U
GenuineIntel,Core™,i5-8265U
GenuineIntel,Core™,i5-8269U
GenuineIntel,Core™,i5-8279U
GenuineIntel,Core™,i5-8300H
GenuineIntel,Core™,i5-8305G
GenuineIntel,Core™,i5-8310Y
GenuineIntel,Core™,i5-8350U
GenuineIntel,Core™,i5-8365U
GenuineIntel,Core™,i5-8365UE
GenuineIntel,Core™,i5-8400
GenuineIntel,Core™,i5-8400B
GenuineIntel,Core™,i5-8400H
GenuineIntel,Core™,i5-8400T
GenuineIntel,Core™,i5-8500
GenuineIntel,Core™,i5-8500B
GenuineIntel,Core™,i5-8500T
GenuineIntel,Core™,i5-8600
GenuineIntel,Core™,i5-8600K
GenuineIntel,Core™,i5-8600T
GenuineIntel,Core™,i5-9300H
GenuineIntel,Core™,i5-9300HF
GenuineIntel,Core™,i5-9400
GenuineIntel,Core™,i5-9400F
GenuineIntel,Core™,i5-9400H
GenuineIntel,Core™,i5-9400T
GenuineIntel,Core™,i5-9500
GenuineIntel,Core™,i5-9500E
GenuineIntel,Core™,i5-9500F
GenuineIntel,Core™,i5-9500T
GenuineIntel,Core™,i5-9500TE
GenuineIntel,Core™,i5-9600
GenuineIntel,Core™,i5-9600K
GenuineIntel,Core™,i5-9600KF
GenuineIntel,Core™,i5-9600T
GenuineIntel,Core™,i5-L16G7
GenuineIntel,Core™,i7-10510U
GenuineIntel,Core™,i7-10510Y
GenuineIntel,Core™,i7-1060G7
GenuineIntel,Core™,i7-10610U
GenuineIntel,Core™,i7-1065G7
GenuineIntel,Core™,i7-1068NG7
GenuineIntel,Core™,i7-10700
GenuineIntel,Core™,i7-10700E
GenuineIntel,Core™,i7-10700F
GenuineIntel,Core™,i7-10700K
GenuineIntel,Core™,i7-10700KF
GenuineIntel,Core™,i7-10700T
GenuineIntel,Core™,i7-10700TE
GenuineIntel,Core™,i7-10710U
GenuineIntel,Core™,i7-10750H
GenuineIntel,Core™,i7-10810U
GenuineIntel,Core™,i7-10850H
GenuineIntel,Core™,i7-10870H
GenuineIntel,Core™,i7-10875H
GenuineIntel,Core™,i7-11370H
GenuineIntel,Core™,i7-11375H
GenuineIntel,Core™,i7-11390H
GenuineIntel,Core™,i7-11600H
GenuineIntel,Core™,i7-1160G7
GenuineIntel,Core™,i7-1165G7
GenuineIntel,Core™,i7-11700
GenuineIntel,Core™,i7-11700F
GenuineIntel,Core™,i7-11700K
GenuineIntel,Core™,i7-11700KF
GenuineIntel,Core™,i7-11700T
GenuineIntel,Core™,i7-11800H
GenuineIntel,Core™,i7-1180G7
GenuineIntel,Core™,i7-11850H
GenuineIntel,Core™,i7-1185G7
GenuineIntel,Core™,i7-1185G7E
GenuineIntel,Core™,i7-1185GRE
GenuineIntel,Core™,i7-1195G7
GenuineIntel,Core™,i7-12700K
GenuineIntel,Core™,i7-12700KF
GenuineIntel,Core™,i7-7800X
GenuineIntel,Core™,i7-7820HQ[1]
GenuineIntel,Core™,i7-7820X
GenuineIntel,Core™,i7-8086K
GenuineIntel,Core™,i7-8500Y
GenuineIntel,Core™,i7-8550U
GenuineIntel,Core™,i7-8557U
GenuineIntel,Core™,i7-8559U
GenuineIntel,Core™,i7-8565U
GenuineIntel,Core™,i7-8569U
GenuineIntel,Core™,i7-8650U
GenuineIntel,Core™,i7-8665U
GenuineIntel,Core™,i7-8665UE
GenuineIntel,Core™,i7-8700
GenuineIntel,Core™,i7-8700B
GenuineIntel,Core™,i7-8700K
GenuineIntel,Core™,i7-8700T
GenuineIntel,Core™,i7-8705G
GenuineIntel,Core™,i7-8706G
GenuineIntel,Core™,i7-8709G
GenuineIntel,Core™,i7-8750H
GenuineIntel,Core™,i7-8809G
GenuineIntel,Core™,i7-8850H
GenuineIntel,Core™,i7-9700
GenuineIntel,Core™,i7-9700E
GenuineIntel,Core™,i7-9700F
GenuineIntel,Core™,i7-9700K
GenuineIntel,Core™,i7-9700KF
GenuineIntel,Core™,i7-9700T
GenuineIntel,Core™,i7-9700TE
GenuineIntel,Core™,i7-9750H
GenuineIntel,Core™,i7-9750HF
GenuineIntel,Core™,i7-9800X
GenuineIntel,Core™,i7-9850H
GenuineIntel,Core™,i7-9850HE
GenuineIntel,Core™,i7-9850HL
GenuineIntel,Core™,i9-10850K
GenuineIntel,Core™,i9-10885H
GenuineIntel,Core™,i9-10900
GenuineIntel,Core™,i9-10900E
GenuineIntel,Core™,i9-10900F
GenuineIntel,Core™,i9-10900K
GenuineIntel,Core™,i9-10900KF
GenuineIntel,Core™,i9-10900T
GenuineIntel,Core™,i9-10900TE
GenuineIntel,Core™,i9-10900X
GenuineIntel,Core™,i9-10920X
GenuineIntel,Core™,i9-10940X
GenuineIntel,Core™,i9-10980HK
GenuineIntel,Core™,i9-10980XE
GenuineIntel,Core™,i9-11900
GenuineIntel,Core™,i9-11900F
GenuineIntel,Core™,i9-11900H
GenuineIntel,Core™,i9-11900K
GenuineIntel,Core™,i9-11900KF
GenuineIntel,Core™,i9-11900T
GenuineIntel,Core™,i9-11950H
GenuineIntel,Core™,i9-11980HK
GenuineIntel,Core™,i9-12900K
GenuineIntel,Core™,i9-12900KF
GenuineIntel,Core™,i9-7900X
GenuineIntel,Core™,i9-7920X
GenuineIntel,Core™,i9-7940X
GenuineIntel,Core™,i9-7960X
GenuineIntel,Core™,i9-7980XE
GenuineIntel,Core™,i9-8950HK
GenuineIntel,Core™,i9-9820X
GenuineIntel,Core™,i9-9880H
GenuineIntel,Core™,i9-9900
GenuineIntel,Core™,i9-9900K
GenuineIntel,Core™,i9-9900KF
GenuineIntel,Core™,i9-9900KS
GenuineIntel,Core™,i9-9900T
GenuineIntel,Core™,i9-9900X
GenuineIntel,Core™,i9-9920X
GenuineIntel,Core™,i9-9940X
GenuineIntel,Core™,i9-9960X
GenuineIntel,Core™,i9-9980HK
GenuineIntel,Core™,i9-9980XE
GenuineIntel,Core™,m3-8100Y
GenuineIntel,Pentium®,6805
GenuineIntel,Pentium®,Gold 4417U
GenuineIntel,Pentium®,Gold 4425Y
GenuineIntel,Pentium®,Gold 5405U
GenuineIntel,Pentium®,Gold 6405U
GenuineIntel,Pentium®,Gold 6500Y
GenuineIntel,Pentium®,Gold 7505
GenuineIntel,Pentium®,Gold G5400
GenuineIntel,Pentium®,Gold G5400T
GenuineIntel,Pentium®,Gold G5420
GenuineIntel,Pentium®,Gold G5420T
GenuineIntel,Pentium®,Gold G5500
GenuineIntel,Pentium®,Gold G5500T
GenuineIntel,Pentium®,Gold G5600
GenuineIntel,Pentium®,Gold G5600T
GenuineIntel,Pentium®,Gold G5620
GenuineIntel,Pentium®,Gold G6400
GenuineIntel,Pentium®,Gold G6400E
GenuineIntel,Pentium®,Gold G6400T
GenuineIntel,Pentium®,Gold G6400TE
GenuineIntel,Pentium®,Gold G6405
GenuineIntel,Pentium®,Gold G6405T
GenuineIntel,Pentium®,Gold G6500
GenuineIntel,Pentium®,Gold G6500T
GenuineIntel,Pentium®,Gold G6505
GenuineIntel,Pentium®,Gold G6505T
GenuineIntel,Pentium®,Gold G6600
GenuineIntel,Pentium®,Gold G6605
GenuineIntel,Pentium®,J6426
GenuineIntel,Pentium®,N6415
GenuineIntel,Pentium®,Silver J5005[2]
GenuineIntel,Pentium®,Silver J5040
GenuineIntel,Pentium®,Silver N5000[2]
GenuineIntel,Pentium®,Silver N5030
GenuineIntel,Pentium®,Silver N6000
GenuineIntel,Pentium®,Silver N6005
GenuineIntel,Xeon®,Bronze 3104
GenuineIntel,Xeon®,Bronze 3106
GenuineIntel,Xeon®,Bronze 3204
GenuineIntel,Xeon®,Bronze 3206R
GenuineIntel,Xeon®,E-2124
GenuineIntel,Xeon®,E-2124G
GenuineIntel,Xeon®,E-2126G
GenuineIntel,Xeon®,E-2134
GenuineIntel,Xeon®,E-2136
GenuineIntel,Xeon®,E-2144G
GenuineIntel,Xeon®,E-2146G
GenuineIntel,Xeon®,E-2174G
GenuineIntel,Xeon®,E-2176G
GenuineIntel,Xeon®,E-2176M
GenuineIntel,Xeon®,E-2186G
GenuineIntel,Xeon®,E-2186M
GenuineIntel,Xeon®,E-2224
GenuineIntel,Xeon®,E-2224G
GenuineIntel,Xeon®,E-2226G
GenuineIntel,Xeon®,E-2226GE
GenuineIntel,Xeon®,E-2234
GenuineIntel,Xeon®,E-2236
GenuineIntel,Xeon®,E-2244G
GenuineIntel,Xeon®,E-2246G
GenuineIntel,Xeon®,E-2254ME
GenuineIntel,Xeon®,E-2254ML
GenuineIntel,Xeon®,E-2274G
GenuineIntel,Xeon®,E-2276G
GenuineIntel,Xeon®,E-2276M
GenuineIntel,Xeon®,E-2276ME
GenuineIntel,Xeon®,E-2276ML
GenuineIntel,Xeon®,E-2278G
GenuineIntel,Xeon®,E-2278GE
GenuineIntel,Xeon®,E-2278GEL
GenuineIntel,Xeon®,E-2286G
GenuineIntel,Xeon®,E-2286M
GenuineIntel,Xeon®,E-2288G
GenuineIntel,Xeon®,Gold 5115
GenuineIntel,Xeon®,Gold 5118
GenuineIntel,Xeon®,Gold 5119T
GenuineIntel,Xeon®,Gold 5120
GenuineIntel,Xeon®,Gold 5120T
GenuineIntel,Xeon®,Gold 5122
GenuineIntel,Xeon®,Gold 5215
GenuineIntel,Xeon®,Gold 5215L
GenuineIntel,Xeon®,Gold 5217
GenuineIntel,Xeon®,Gold 5218
GenuineIntel,Xeon®,Gold 5218B
GenuineIntel,Xeon®,Gold 5218N
GenuineIntel,Xeon®,Gold 5218R
GenuineIntel,Xeon®,Gold 5218T
GenuineIntel,Xeon®,Gold 5220
GenuineIntel,Xeon®,Gold 5220R
GenuineIntel,Xeon®,Gold 5220S
GenuineIntel,Xeon®,Gold 5220T
GenuineIntel,Xeon®,Gold 5222
GenuineIntel,Xeon®,Gold 5315Y
GenuineIntel,Xeon®,Gold 5317
GenuineIntel,Xeon®,Gold 5318N
GenuineIntel,Xeon®,Gold 5318S
GenuineIntel,Xeon®,Gold 5318Y
GenuineIntel,Xeon®,Gold 5320
GenuineIntel,Xeon®,Gold 5320T
GenuineIntel,Xeon®,Gold 6126
GenuineIntel,Xeon®,Gold 6126F
GenuineIntel,Xeon®,Gold 6126T
GenuineIntel,Xeon®,Gold 6128
GenuineIntel,Xeon®,Gold 6130
GenuineIntel,Xeon®,Gold 6130F
GenuineIntel,Xeon®,Gold 6130T
GenuineIntel,Xeon®,Gold 6132
GenuineIntel,Xeon®,Gold 6134
GenuineIntel,Xeon®,Gold 6136
GenuineIntel,Xeon®,Gold 6138
GenuineIntel,Xeon®,Gold 6138F
GenuineIntel,Xeon®,Gold 6138P
GenuineIntel,Xeon®,Gold 6138T
GenuineIntel,Xeon®,Gold 6140
GenuineIntel,Xeon®,Gold 6142
GenuineIntel,Xeon®,Gold 6142F
GenuineIntel,Xeon®,Gold 6144
GenuineIntel,Xeon®,Gold 6146
GenuineIntel,Xeon®,Gold 6148
GenuineIntel,Xeon®,Gold 6148F
GenuineIntel,Xeon®,Gold 6150
GenuineIntel,Xeon®,Gold 6152
GenuineIntel,Xeon®,Gold 6154
GenuineIntel,Xeon®,Gold 6208U
GenuineIntel,Xeon®,Gold 6209U
GenuineIntel,Xeon®,Gold 6210U
GenuineIntel,Xeon®,Gold 6212U
GenuineIntel,Xeon®,Gold 6222V
GenuineIntel,Xeon®,Gold 6226
GenuineIntel,Xeon®,Gold 6226R
GenuineIntel,Xeon®,Gold 6230
GenuineIntel,Xeon®,Gold 6230N
GenuineIntel,Xeon®,Gold 6230R
GenuineIntel,Xeon®,Gold 6230T
GenuineIntel,Xeon®,Gold 6234
GenuineIntel,Xeon®,Gold 6238
GenuineIntel,Xeon®,Gold 6238L
GenuineIntel,Xeon®,Gold 6238R
GenuineIntel,Xeon®,Gold 6238T
GenuineIntel,Xeon®,Gold 6240
GenuineIntel,Xeon®,Gold 6240L
GenuineIntel,Xeon®,Gold 6240R
GenuineIntel,Xeon®,Gold 6240Y
GenuineIntel,Xeon®,Gold 6242
GenuineIntel,Xeon®,Gold 6242R
GenuineIntel,Xeon®,Gold 6244
GenuineIntel,Xeon®,Gold 6246
GenuineIntel,Xeon®,Gold 6246R
GenuineIntel,Xeon®,Gold 6248
GenuineIntel,Xeon®,Gold 6248R
GenuineIntel,Xeon®,Gold 6250
GenuineIntel,Xeon®,Gold 6250L
GenuineIntel,Xeon®,Gold 6252
GenuineIntel,Xeon®,Gold 6252N
GenuineIntel,Xeon®,Gold 6254
GenuineIntel,Xeon®,Gold 6256
GenuineIntel,Xeon®,Gold 6258R
GenuineIntel,Xeon®,Gold 6262V
GenuineIntel,Xeon®,Gold 6312U
GenuineIntel,Xeon®,Gold 6314U
GenuineIntel,Xeon®,Gold 6326
GenuineIntel,Xeon®,Gold 6330
GenuineIntel,Xeon®,Gold 6330N
GenuineIntel,Xeon®,Gold 6334
GenuineIntel,Xeon®,Gold 6336Y
GenuineIntel,Xeon®,Gold 6338
GenuineIntel,Xeon®,Gold 6338N
GenuineIntel,Xeon®,Gold 6338T
GenuineIntel,Xeon®,Gold 6342
GenuineIntel,Xeon®,Gold 6346
GenuineIntel,Xeon®,Gold 6348
GenuineIntel,Xeon®,Gold 6354
GenuineIntel,Xeon®,Platinum 8153
GenuineIntel,Xeon®,Platinum 8156
GenuineIntel,Xeon®,Platinum 8158
GenuineIntel,Xeon®,Platinum 8160
GenuineIntel,Xeon®,Platinum 8160F
GenuineIntel,Xeon®,Platinum 8160T
GenuineIntel,Xeon®,Platinum 8164
GenuineIntel,Xeon®,Platinum 8168
GenuineIntel,Xeon®,Platinum 8170
GenuineIntel,Xeon®,Platinum 8171M
GenuineIntel,Xeon®,Platinum 8176
GenuineIntel,Xeon®,Platinum 8176F
GenuineIntel,Xeon®,Platinum 8180
GenuineIntel,Xeon®,Platinum 8253
GenuineIntel,Xeon®,Platinum 8256
GenuineIntel,Xeon®,Platinum 8260
GenuineIntel,Xeon®,Platinum 8260L
GenuineIntel,Xeon®,Platinum 8260Y
GenuineIntel,Xeon®,Platinum 8268
GenuineIntel,Xeon®,Platinum 8270
GenuineIntel,Xeon®,Platinum 8272CL
GenuineIntel,Xeon®,Platinum 8276
GenuineIntel,Xeon®,Platinum 8276L
GenuineIntel,Xeon®,Platinum 8280
GenuineIntel,Xeon®,Platinum 8280L
GenuineIntel,Xeon®,Platinum 8351N
GenuineIntel,Xeon®,Platinum 8352M
GenuineIntel,Xeon®,Platinum 8352S
GenuineIntel,Xeon®,Platinum 8352V
GenuineIntel,Xeon®,Platinum 8352Y
GenuineIntel,Xeon®,Platinum 8358
GenuineIntel,Xeon®,Platinum 8358P
GenuineIntel,Xeon®,Platinum 8360Y
GenuineIntel,Xeon®,Platinum 8362
GenuineIntel,Xeon®,Platinum 8368
GenuineIntel,Xeon®,Platinum 8368Q
GenuineIntel,Xeon®,Platinum 8380
GenuineIntel,Xeon®,Platinum 9221
GenuineIntel,Xeon®,Platinum 9222
GenuineIntel,Xeon®,Platinum 9242
GenuineIntel,Xeon®,Platinum 9282
GenuineIntel,Xeon®,Silver 4108
GenuineIntel,Xeon®,Silver 4109T
GenuineIntel,Xeon®,Silver 4110
GenuineIntel,Xeon®,Silver 4112
GenuineIntel,Xeon®,Silver 4114
GenuineIntel,Xeon®,Silver 4114T
GenuineIntel,Xeon®,Silver 4116
GenuineIntel,Xeon®,Silver 4116T
GenuineIntel,Xeon®,Silver 4208
GenuineIntel,Xeon®,Silver 4209T
GenuineIntel,Xeon®,Silver 4210
GenuineIntel,Xeon®,Silver 4210R
GenuineIntel,Xeon®,Silver 4210T
GenuineIntel,Xeon®,Silver 4214
GenuineIntel,Xeon®,Silver 4214R
GenuineIntel,Xeon®,Silver 4214Y
GenuineIntel,Xeon®,Silver 4215
GenuineIntel,Xeon®,Silver 4215R
GenuineIntel,Xeon®,Silver 4216
GenuineIntel,Xeon®,Silver 4309Y
GenuineIntel,Xeon®,Silver 4310
GenuineIntel,Xeon®,Silver 4310T
GenuineIntel,Xeon®,Silver 4314
GenuineIntel,Xeon®,Silver 4316
GenuineIntel,Xeon®,W-10855M
GenuineIntel,Xeon®,W-10885M
GenuineIntel,Xeon®,W-11855M
GenuineIntel,Xeon®,W-11955M
GenuineIntel,Xeon®,W-1250
GenuineIntel,Xeon®,W-1250E
GenuineIntel,Xeon®,W-1250P
GenuineIntel,Xeon®,W-1250TE
GenuineIntel,Xeon®,W-1270
GenuineIntel,Xeon®,W-1270E
GenuineIntel,Xeon®,W-1270P
GenuineIntel,Xeon®,W-1270TE
GenuineIntel,Xeon®,W-1290
GenuineIntel,Xeon®,W-1290E
GenuineIntel,Xeon®,W-1290P
GenuineIntel,Xeon®,W-1290T
GenuineIntel,Xeon®,W-1290TE
GenuineIntel,Xeon®,W-2102
GenuineIntel,Xeon®,W-2104
GenuineIntel,Xeon®,W-2123
GenuineIntel,Xeon®,W-2125
GenuineIntel,Xeon®,W-2133
GenuineIntel,Xeon®,W-2135
GenuineIntel,Xeon®,W-2145
GenuineIntel,Xeon®,W-2155
GenuineIntel,Xeon®,W-2175
GenuineIntel,Xeon®,W-2195
GenuineIntel,Xeon®,W-2223
GenuineIntel,Xeon®,W-2225
GenuineIntel,Xeon®,W-2235
GenuineIntel,Xeon®,W-2245
GenuineIntel,Xeon®,W-2255
GenuineIntel,Xeon®,W-2265
GenuineIntel,Xeon®,W-2275
GenuineIntel,Xeon®,W-2295
GenuineIntel,Xeon®,W-3175X
GenuineIntel,Xeon®,W-3223
GenuineIntel,Xeon®,W-3225
GenuineIntel,Xeon®,W-3235
GenuineIntel,Xeon®,W-3245
GenuineIntel,Xeon®,W-3245M
GenuineIntel,Xeon®,W-3265
GenuineIntel,Xeon®,W-3265M
GenuineIntel,Xeon®,W-3275
GenuineIntel,Xeon®,W-3275M
